{"cameraMode":{"drawMode":0,"name":"Shaded","section":"Shading Mode"},"sceneLighting":true,"audioPlay":false,"sceneViewState":{"showFog":true,"showMaterialUpdate":false,"showSkybox":true,"showFlares":true,"showImageEffects":true,"showParticleSystems":true},"in2DMode":false,"pivot":{"x":1.4875073432922364,"y":2.4410994052886965,"z":9.743443489074707},"rotation":{"x":-0.004472540225833654,"y":0.9891685247421265,"z":-0.14343705773353578,"w":-0.030844589695334436},"size":4.830411434173584,"orthographic":false}