{"cameraMode":{"drawMode":0,"name":"Shaded","section":"Shading Mode"},"sceneLighting":true,"audioPlay":false,"sceneViewState":{"showFog":true,"showMaterialUpdate":false,"showSkybox":true,"showFlares":true,"showImageEffects":true,"showParticleSystems":true},"in2DMode":false,"pivot":{"x":-69.9568862915039,"y":-28.349519729614259,"z":-53.5487060546875},"rotation":{"x":-0.07114880532026291,"y":0.8874238133430481,"z":-0.14640679955482484,"w":-0.4312562048435211},"size":97.1595458984375,"orthographic":false}