{"cameraMode":{"drawMode":0,"name":"Shaded","section":"Shading Mode"},"sceneLighting":false,"audioPlay":false,"sceneViewState":{"showFog":true,"showMaterialUpdate":false,"showSkybox":false,"showFlares":true,"showImageEffects":true,"showParticleSystems":true},"in2DMode":false,"pivot":{"x":0.45910513401031496,"y":1.1053663492202759,"z":-0.15008977055549622},"rotation":{"x":-0.19572001695632935,"y":0.467943012714386,"z":-0.10710117965936661,"w":-0.8551329374313355},"size":5.116543769836426,"orthographic":false}