{"cameraMode":{"drawMode":0,"name":"Shaded","section":"Shading Mode"},"sceneLighting":false,"audioPlay":false,"sceneViewState":{"showFog":true,"showMaterialUpdate":false,"showSkybox":false,"showFlares":true,"showImageEffects":true,"showParticleSystems":true},"in2DMode":false,"pivot":{"x":0.42239251732826235,"y":0.6532149910926819,"z":-0.3481074869632721},"rotation":{"x":-0.016218747943639756,"y":0.9828206896781921,"z":-0.1500484198331833,"w":-0.10623548924922943},"size":14.87485408782959,"orthographic":false}