{"cameraMode":{"drawMode":2,"name":"Shaded Wireframe","section":"Shading Mode"},"sceneLighting":true,"audioPlay":false,"sceneViewState":{"showFog":true,"showMaterialUpdate":false,"showSkybox":true,"showFlares":true,"showImageEffects":true,"showParticleSystems":true},"in2DMode":false,"pivot":{"x":8.445674896240235,"y":-30.84703254699707,"z":52.53474807739258},"rotation":{"x":-0.269530326128006,"y":-0.10255331546068192,"z":0.028881333768367769,"w":-0.9570800065994263},"size":76.91524505615235,"orthographic":false}